a1,a2,a3,a4,load,failure
3.4627223456262466,2.885941162135774,2.0675473016914547,2.892009865144349,40.0,1
5.467886019260418,5.081921348338549,3.77176499302706,3.134317659724779,40.0,1
4.505396659178201,4.474603790131132,4.2634360659846635,6.134662334763489,40.0,1
4.780326312355461,4.76383662098183,3.1888649882009847,3.5479387691700097,40.0,1
4.761832380738682,4.120222124139878,3.8005174340416477,4.5118729096205055,40.0,1
6.840324203463896,5.806801790293998,5.225023220942279,5.932236196730122,40.0,1
2.862629514175566,2.9158286503310586,2.8647992483078295,4.03165831743344,40.0,1
3.0119840134387625,3.2285702655589175,2.709996097063176,2.994980683250182,40.0,1
4.685609087706514,4.043246714710572,3.368311492012185,3.6983033687828177,40.0,1
3.71856724390838,3.138801893366497,2.7518524321414177,2.629977445591273,40.0,1
2.921988606471203,3.1470181234891395,2.3584554743731525,2.8072762553077193,40.0,1
2.99761947468601,3.884853253829273,3.8754621049932907,3.6068864127167006,40.0,1
4.304235754117995,4.7203253070522475,3.9932911873295605,4.469122342725376,40.0,1
3.8823219997529788,3.355899608571756,2.7125374990750375,3.3404884221290096,40.0,1
5.520427115290241,5.377457316293326,4.810435622047886,4.1794501246579765,40.0,1
6.034800091517656,5.770533160018336,5.417246382725508,6.175632830140358,40.0,1
3.9085309566125215,4.1978573634278975,4.180945285309059,5.145919215351006,40.0,1
3.876630997925053,3.1537000834394977,3.340534418736833,4.273041684767949,40.0,1
3.6106814400596687,4.0723936457862395,3.564777394783971,3.7783176516753127,40.0,1
4.096885020994379,4.404771685171906,3.392915123530547,4.376259762109315,40.0,1
3.906720313964911,2.9500856866240044,2.6071002271184365,2.6873995142420206,40.0,1
3.2475571307610593,2.8639371317593336,2.1436613515412954,3.0406702645232793,40.0,1
4.300597615747494,3.982882351133655,3.5204157937252236,3.372756056365177,40.0,1
3.170537587192168,3.859465265452243,3.169542692320889,4.071932571787575,40.0,1
4.846343430449297,4.7391435606564265,4.30829385149123,4.869226787840057,40.0,1
5.8755101734628425,4.991326179624602,4.988047523195849,5.5643699808817,40.0,1
4.267875674856043,4.17465022303284,4.105671647104752,4.641317217337222,40.0,1
5.471770385753012,5.3863816791896495,5.836711279878424,5.215718572002083,40.0,1
3.154418855694333,3.920951952215706,3.4345022275675317,4.678038039470936,40.0,1
5.393214402164001,4.292210335163509,3.97169339489333,3.9889594797390715,40.0,1
3.7911060430699357,3.7595796364391565,2.4244352490578027,2.8534838151158866,40.0,1
4.451822417761153,3.93861138609215,3.2121005105706795,2.8436640773586723,40.0,1
3.5371861682999337,4.026893629593239,3.653144827383122,3.9701545221465233,40.0,1
3.812807095257143,3.86814559426008,3.4184085735436893,3.4238836573616966,40.0,1
4.470226711985993,4.838930521097368,3.7012521459771417,3.7622735911622534,40.0,1
4.796310404828618,4.28928712704354,4.499267328216988,4.7627616655524125,40.0,1
3.955922867822628,4.186711934613671,3.972047550459419,4.405618768707423,40.0,1
4.733357149596454,4.693832478892671,3.9101197915943424,5.349631160798779,40.0,1
5.709169148665438,4.467857778843615,4.467840368639038,5.531990166572583,40.0,1
3.598789470695171,3.8930671661209604,3.0751243715733176,3.5206536294222524,40.0,1
3.4199278753907616,3.9285244254482334,3.3650527132351997,3.40852882221449,40.0,1
4.330125427148737,4.166520647575116,3.60187911997959,3.2170580732087384,40.0,1
5.237054978132846,3.9168055710228873,3.610784310963992,4.88314090294541,40.0,1
3.260803624503735,2.8433967357403436,2.2401235000849202,3.215890510198849,40.0,1
4.334852505273701,4.793603252246162,3.8777603307063075,4.996684410159386,40.0,1
5.041369811279828,5.257051924283024,4.974007513793476,4.733322029232615,40.0,1
4.043501887932563,3.169108368112107,2.8564798689796853,3.955601357288241,40.0,1
3.8551497158907475,4.577767951763919,3.960622151642994,4.290594863186992,40.0,1
5.299440113613117,5.265818305853852,5.626501015777894,5.394754074113918,40.0,1
2.652565086030494,3.2995670884882027,2.5399909274193,3.167592663010377,40.0,1
4.167041699018968,3.592377175541746,2.744096258301962,2.9478317877463547,40.0,1
5.288412472319147,4.685545375925895,4.003611181535626,4.333368840530184,40.0,1
3.5608598305912857,3.275181017153483,2.5652623329907462,2.8086435921500836,40.0,1
2.7802858920087714,2.9473534679760576,2.4750357443625486,2.728988373905455,40.0,1
4.558921703263627,4.228796918061078,4.291778206847107,3.7255156728854613,40.0,1
4.155330484549435,4.154338573304199,3.7975366319906407,3.9267948245819935,40.0,1
3.6591961829577118,3.5317280172551846,3.033338426540585,3.339544291907875,40.0,1
4.70259508409098,4.83530199454052,4.318709698223714,4.003003799373677,40.0,1
5.104263070737601,5.154971348160601,5.186877971799178,6.515837721459789,40.0,1
4.203128197943243,3.9975235005141125,3.813487459952776,3.890799691386345,40.0,1
4.6348120577841305,4.603640233735752,3.5504011876434314,4.63102860069049,40.0,1
4.404957758238434,3.890087359424421,3.8601458501885086,4.356903873645993,40.0,1
4.538809058702708,3.523025953781768,2.58813887618517,2.5464591992779546,40.0,1
3.5792155786961426,2.6096757212394976,2.3937085660721134,2.8944924695487453,40.0,1
3.2811306155106257,3.0294440578677233,2.4379168979461374,2.9629303703172307,40.0,1
3.331948792879055,3.2926705248288,2.670445905379783,3.307656229735014,40.0,1
2.4498779258479844,3.534041221174413,2.682199651529918,3.373820734057146,40.0,1
5.780911936007797,4.472245061061221,4.068213891630312,4.443268999166365,40.0,1
4.19255388238399,3.4309036172310883,4.087343907122414,4.139876134229884,40.0,1
3.3687594305612856,3.6738546213070635,3.6372602798213083,3.36682563280232,40.0,1
5.756578579877782,4.808433546146167,5.5749138205322675,4.974649144627097,40.0,1
3.561639647228007,3.956042442735741,3.469800988890595,3.885975483199113,40.0,1
5.105739122886687,4.985106597120667,4.389983035641552,4.418065524044329,40.0,1
5.6814894539906,4.356146495194182,3.632578339945253,4.630068732898617,40.0,1
5.8001821425149505,4.932199582056945,4.209811341131407,5.09460077843689,40.0,1
4.188666007240081,5.102077834638474,4.353342092417761,5.167787274700982,40.0,1
4.350565193585335,3.796259635684474,3.7997549106045003,5.059057593318813,40.0,1
5.198078792152392,5.013252501394427,3.818261649349981,4.339586732260036,40.0,1
5.0971345389125675,5.304922345365068,4.567263771511111,4.569711254241453,40.0,1
5.200603263002155,5.286186227893214,4.256902724713244,4.087606537146309,40.0,1
6.220917379144011,5.596259903037669,4.849039309214725,6.189351045092193,40.0,1
5.831733607138904,5.470887170948897,6.050237824367056,6.099668731342903,40.0,1
4.084438729979674,3.4189538634810512,2.9475755866317805,3.9405866115376305,40.0,1
3.7780256743132345,3.4775767010135983,3.4437288658225813,2.6761761528230714,40.0,1
5.153424323233299,3.7032254679948062,3.012569501080578,2.574862157487804,40.0,1
2.628991275608949,3.0504641485473942,2.800618808115549,3.998684774501669,40.0,1
3.645463869997115,3.027273493758516,2.0721632965047565,2.7892551347423797,40.0,1
4.649766814849544,5.34221778848928,4.05369474148274,4.360261858581882,40.0,1
4.11844978120049,4.21815385902774,4.55044007268461,6.511621269707407,40.0,1
3.999806391585124,3.478941583017717,3.000839682462576,3.382836528642302,40.0,1
5.595920856060238,4.968879796470201,4.688086855461937,5.661266515149402,40.0,1
6.197229649149759,5.649428122302368,5.853444727965482,6.430637621492064,40.0,1
3.401335838989681,3.576370796791464,3.5094418644787795,3.3462053088796915,40.0,1
3.8605937357132247,3.151037735184981,3.3924152147853026,3.6911363390073237,40.0,1
4.574476758472143,4.021153896335987,3.830138875947504,4.316141066419429,40.0,1
3.889174489867929,3.0732199337394595,2.0295523129646194,2.749886162246971,40.0,1
2.793818872843116,3.321578612544272,2.570332444058264,2.408505426232959,40.0,1
3.7434594278508384,4.393831444019969,3.4484776510782784,3.188067136802967,40.0,1
4.343265871116049,4.237331722973006,3.5761510758958934,3.9521238568115815,40.0,1
3.7539940175157254,3.833229498977284,3.1175670988503166,3.535133811089907,40.0,1
4.825992318956215,5.019081998498838,4.082112388099014,4.632242377831135,40.0,1
4.617191446965696,5.484305739916284,5.416174807264576,5.339437738962468,40.0,1
4.0687796936049665,4.003837754196769,3.551891233677599,4.440300255769718,40.0,1
5.174033295113985,4.828420599014246,4.7294417021650546,4.864945402428207,40.0,1
4.395712946252731,4.6893754946435795,4.004339379938771,4.394935008691733,40.0,1
4.710744440343773,5.363487043355262,3.4014778260700407,4.713639775727348,40.0,1
4.140445689226255,3.2016576965453423,2.750035734781229,2.846433422085713,40.0,1
3.033942022787368,3.226456785730363,2.39161102756878,3.2484266450691575,40.0,1
3.385235710819427,3.7180565567546617,2.74192741005122,3.2914330577275046,40.0,1
3.628763918643194,3.8356105053309917,3.6625764137273458,4.08070505382101,40.0,1
4.406637154079644,5.022713947778134,4.4887491601579494,6.495474423158218,40.0,1
4.526221668216861,4.330085706992857,4.553170557109833,5.916547003017141,40.0,1
4.409323001086914,4.188377982859213,3.9278820062991215,5.417105131091164,40.0,1
7.024398673260409,6.371520305398615,6.2226882486654125,6.623995593098132,40.0,1
3.764624332216979,4.157659043073971,4.045705783391454,4.857100421139325,40.0,1
4.379947174630615,4.614902479410244,3.560144712955294,4.131830628100674,40.0,1
5.734804166686698,5.209967283195644,4.5701042970785,4.576832376742688,40.0,1
4.125506828758905,3.5495640671855595,2.9307089814313527,3.165200784736878,40.0,1
4.015234512231826,3.7571496165168563,2.8932697003795966,2.9751923331497014,40.0,1
3.556576016237744,3.5026509232036074,2.579185554823224,2.578219227705183,40.0,1
4.023843337416962,4.82230521394004,4.268045093764915,4.45580190778367,40.0,1
4.377458913646719,3.7382615324243256,3.6154103805972455,4.096199283724961,40.0,1
4.311478042718222,4.19136331904326,3.901265353295203,4.298466243861058,40.0,1
4.715573716108463,5.143227338928253,5.2329072011246875,6.531791960320721,40.0,1
4.994211988005252,4.61094930721085,4.543719268679409,5.403488346141103,40.0,1
4.598946515176651,3.7536027376703602,2.9372457507972274,3.6180077238497046,40.0,1
4.230483245512597,3.6920609635385,3.73143995774316,3.743029833042545,40.0,1
3.8256631089571447,4.474196579480983,3.012100233734328,2.3894440888448445,40.0,1
3.8349844441899443,2.9343729308728745,3.015306366378598,3.9608544546742905,40.0,1
3.337371398478861,3.049768921599997,2.2814013622558162,3.411412612717015,40.0,1
4.817291222358857,4.333003231196135,4.357262860638903,4.378914911171872,40.0,1
4.464891215947865,4.851896459079575,4.207756908769346,4.0638221032428445,40.0,1
4.327875352050171,2.7138373234340945,2.616337818987463,3.1352588462416437,40.0,1
5.079338826942356,5.360450472169883,5.202667236987572,4.958122064697047,40.0,1
4.1770061058253605,4.268418562630402,4.62544323216968,4.912623366738698,40.0,1
4.366546037186898,4.769801531782842,3.735779648844026,3.7541936550739146,40.0,1
3.4746877513396437,3.266816672380458,3.272013912082147,4.100750073219181,40.0,1
4.6169878219673075,4.070341789099729,3.851079928141013,3.6537258056351605,40.0,1
4.031042360077945,3.4362826959228103,2.368327240755968,3.0149280438464756,40.0,1
3.294129873879994,3.553024652823891,2.940430538516051,2.5934149661839796,40.0,1
2.7847730106703916,3.2985169780784553,2.7112026461825103,3.0177912985650237,40.0,1
4.11146487131742,3.9484028990392384,3.4568640321712483,4.760227516074917,40.0,1
4.791458806977667,4.024089105625834,3.4704954729344593,2.2940050341357288,40.0,1
5.6487777368080945,5.229815107540169,4.995656942982809,5.081541100275896,40.0,1
6.80910221503661,6.828502492848685,5.874582299450493,9.13201557675225,40.0,1
4.779628383005096,4.156524401997022,3.9487702655550057,4.742936847320793,40.0,1
5.6122540232607525,4.7833936778465445,4.958872482214517,5.9698866185642,40.0,1
3.6281852543613495,4.05277887756032,3.890048069631524,4.313055257972306,40.0,1
4.360077162134981,4.312358836953572,3.474303664203645,3.6263330708472292,40.0,1
3.524316472567787,3.2665072778875976,2.575504639547374,2.667247872443766,40.0,1
2.5902530827640162,2.940612765787245,2.319236894329678,3.278155015393462,40.0,1
3.829663888535818,3.1233728536810155,2.496365494959783,2.6531401721026677,40.0,1
4.148280822077859,4.167094788781504,3.447582575273189,3.7469010455826064,40.0,1
5.597495533741616,5.582511115132701,5.099127357539548,6.442356179697625,40.0,1
4.162666458627687,2.9973106483895613,3.716488099690002,4.079127924505845,40.0,1
4.5101872101257605,4.106458144133744,3.980786791616077,4.42109455307479,40.0,1
6.823518949936801,5.57878835749794,6.701238993395129,5.7544345547727715,40.0,1
3.7519135238125316,3.5719547819476127,3.35919960315223,3.7139542135956916,40.0,1
3.2770247579599263,3.245740700609913,2.9550403710570614,2.7316608685642194,40.0,1
6.058603207149048,4.483972658998888,3.5273688856291634,4.0046266701071795,40.0,1
3.5585538882120487,3.2736612706089194,2.6487340755784357,3.262452549837546,40.0,1
3.647886643017425,3.8774308147913614,3.5303875295171823,3.3544095322829888,40.0,1
4.647460096435683,4.165648023594543,3.7232365630692126,3.854084843457283,40.0,1
4.413978780771488,4.234108764806304,4.170373465797363,4.850925248032989,40.0,1
3.394032481515121,3.090525418184422,3.108728068594961,3.4719432894623043,40.0,1
5.923897569736295,4.357434536521064,4.713471934978993,4.603401129009662,40.0,1
6.207143952659282,5.374006398088607,4.81127800955085,6.510989908401813,40.0,1
4.9000747867665355,4.232318948727858,4.767993500595797,5.493660189826431,40.0,1
3.718009576114333,3.113030777931605,2.5019486763053,2.9659711920220384,40.0,1
4.826603950680745,3.863817010460826,4.277230284730843,4.0805305668990695,40.0,1
4.524806416846405,3.415952962184623,2.877172981853657,2.623087806399555,40.0,1
3.108406836592428,2.7139613430215332,1.871151229387024,2.6719972609147504,40.0,1
3.3983473007809257,2.7899365418044892,2.222198869811631,2.3863083786765023,40.0,1
5.049301532751915,4.694051559709783,3.5938387397536875,4.243419689940988,40.0,1
3.2765844839870013,4.174239802448087,3.5662124651035536,5.11971754579666,40.0,1
4.1047730063589505,3.4445819729532143,3.384273881620859,4.0870071121486,40.0,1
4.75081699676882,4.813476402501566,4.718087252288302,5.507116489881073,40.0,1
5.396078942569235,5.016406619903228,4.985923799939455,5.00298388931004,40.0,1
5.227759672577556,4.6779701692027995,4.533220620475173,4.393421349014734,40.0,1
3.6923034258053695,3.2689012546436103,3.124652804125743,3.7791225080823283,40.0,1
4.640064290591525,3.746078956553042,3.5570209694657504,3.403770664024776,40.0,1
4.243103224094254,3.613000405266464,2.2502020318875022,3.4813487952892253,40.0,1
4.268990617679213,3.614567128884998,3.1261523824315365,3.2857634624985406,40.0,1
3.0369961093680176,3.6605725975592684,2.383515476141764,2.705789785042385,40.0,1
4.239554347178641,3.7846508668366345,3.5984808506640804,3.9998178908248865,40.0,1
4.469216641570625,4.274515783401399,3.406453910281042,3.9723509136858697,40.0,1
4.884287450232129,4.093582672324099,4.471835055995158,4.274688821443457,40.0,1
5.650335617880349,5.648354894431166,5.659796301841218,5.746343439431497,40.0,1
4.393577736195212,4.212977598729046,3.357978233000354,4.152283767030996,40.0,1
5.206134894772094,4.354803361241407,4.449548207993702,5.289734590278142,40.0,1
3.3176251538468877,3.7329376855588907,3.475097467856143,3.698123919735615,40.0,1
3.762851817998838,4.338379634254131,3.477442184457301,3.9397218251158113,40.0,1
5.122705340354133,4.022162809780228,3.0746779866554093,3.750573944381949,40.0,1
2.7891635215385144,2.6241653444361046,2.3087806528864516,2.829587080057625,40.0,1
2.9736873134487087,2.7288017692588302,1.9590710873363877,3.040901004353962,40.0,1
3.3951303966898734,4.0451298425635995,2.843575673542006,2.749910183559434,40.0,1
4.395054662789094,4.589870881498951,4.404831255068135,5.148852052854154,40.0,1
3.5980805855518327,3.8184550914941484,3.570036363996765,4.402056060654406,40.0,1
4.3617325183997755,3.9176443030563246,4.049268550669151,4.729643071028494,40.0,1
6.533338380046867,6.211350798000259,5.175036661829655,5.404818558036691,40.0,1
3.3566478860346165,3.3759950110841133,3.1222125498605457,3.570543307410962,40.0,1
3.5604964161181964,3.7554409747443676,3.2027463620634773,3.502736713410767,40.0,1
5.732151564059027,4.650409733169254,4.015883517615096,3.73994739737519,40.0,1
3.799017636177024,3.101064032067426,2.702951355227065,3.226688906414206,40.0,1
3.519242787496959,3.1174467442665175,2.7562454473160765,3.3328608245612275,40.0,1
3.6772038765357187,3.753482108420482,3.160777070102977,3.6712649018387338,40.0,1
3.736409333083785,4.4130176249984805,3.852867895589866,4.7360310021708845,40.0,1
2.5630360983989555,3.4539295611255585,2.777033541681282,3.038692539182755,40.0,1
5.466885431872887,4.967552986922958,4.414285754424684,4.332057393441441,40.0,1
4.524099160931066,4.493562131151835,4.135921022686574,6.435572825815302,40.0,1
4.948735248746312,4.223838174567974,4.5559796563939905,5.5875525642201085,40.0,1
3.7079956071774016,3.947363331236955,3.1314826757865104,3.117040176179406,40.0,1
4.142381488077829,4.7736922164257765,4.142706392783449,4.3123119668203485,40.0,1
3.6799469500768724,3.7591719732806026,3.4508424516003693,3.2683745691558737,40.0,1
3.4094511770164306,2.829855458167199,2.460965211184651,2.4315042975346266,40.0,1
3.4098476854645954,2.716117377115549,2.259789666813194,3.813950047057491,40.0,1
3.727418835855723,4.0896025048529285,4.020789955344919,4.455850492257347,40.0,1
3.2766904290501584,3.8603043890599635,3.771632221795597,4.2391325961736195,40.0,1
6.280554998507771,4.5637336569214755,4.291904778210517,4.547761304453387,40.0,1
4.918212209411784,4.532817063627844,4.077361147327243,4.414521134899408,40.0,1
5.028725533677268,4.417762316337933,5.105665289919913,5.586445174388693,40.0,1
6.018190415117144,5.287562851744515,4.977298425132364,4.467953885341358,40.0,1
3.7770285569012563,4.0753738380279385,3.119211911322831,3.9702760540270567,40.0,1
4.920984686020353,4.198149119198764,3.7419182988803117,4.152249778102854,40.0,1
3.2449089611716913,2.841776973775369,2.0354988754143664,2.2044259288304344,40.0,1
3.7591111717561105,3.6595108853589067,3.0322442174610758,3.466653161444252,40.0,1
3.4776518164622847,3.7446460950046974,3.406525863152754,3.771956787059759,40.0,1
4.144391153029031,4.284050729870173,3.798776848111454,4.350660834270983,40.0,1
4.783175308670532,4.397950076845981,3.6936025472852116,4.20081755461617,40.0,1
5.456536452946962,4.928182119936524,4.469354854996076,4.742845040406533,40.0,1
4.608337106649962,5.019843127164554,4.154493144589761,5.371573118249262,40.0,1
5.7493246172143415,5.194000330171003,4.278112181617908,5.677280275050752,40.0,1
6.006391829636464,4.923942187646928,5.379734445924909,6.602654719965565,40.0,1
3.3891627908729647,3.5475011112600243,2.9460892562071495,4.221039200290856,40.0,1
4.294716134266931,3.6344832714284787,2.770239610262259,3.076077565328784,40.0,1
5.155453624149388,3.74042342856974,3.220171048923323,3.8910766718589724,40.0,1
3.1237335067721026,2.884158759729552,2.5254412091525835,4.157182046515439,40.0,1
3.461055787206629,2.901808025753988,2.220769649984354,2.640543027722569,40.0,1
3.8248560726977003,4.490383296333108,3.421328724115726,3.8626442507231307,40.0,1
5.106396924957483,4.801119706974421,4.002220005515618,5.039179687180035,40.0,1
4.155867096814324,3.112593815108911,3.397235083699279,3.977286107532742,40.0,1
4.908117169351921,4.101357391403167,3.984927175217272,4.65294082658965,40.0,1
5.8369921509420255,4.8943430780972355,5.678852375046189,4.73887534400074,40.0,1
4.000775468501298,3.870035918193298,3.2716086781465337,4.704993288369214,40.0,1
4.55048497812945,3.5382874767154737,3.3624643494848367,3.6724498686968228,40.0,1
6.563760507445874,5.184528720895817,5.046137463975646,5.733038345396856,40.0,1
5.242863832378014,4.661349887782069,3.5791412151595967,4.7965213796034085,40.0,1
4.227788804090938,4.390552282713796,3.4277982092554695,4.342875043393259,40.0,1
5.276593978461491,5.133660360248835,4.380650345448042,5.217657538050018,40.0,1
5.4919384205076645,4.864984431896074,3.8811547591823374,5.270658463904957,40.0,1
3.3134173500384954,3.342433354949783,3.0428131360139488,3.9345445847889966,40.0,1
6.094245326911476,5.64428696457183,4.531482712100584,4.910021492532695,40.0,1
6.144276642904468,4.852832129990249,4.485084898727439,5.744110217180394,40.0,1
5.440948203102016,4.3929727721543,4.458930645586108,4.52418923432574,40.0,1
5.129468619957637,4.167791522069021,4.160775527873582,5.057480850490515,40.0,1
4.218056064882869,3.86333217920941,3.899762782562986,4.473183264989685,40.0,1
4.205748684022357,4.013663246475204,3.568535500393148,3.983675980516664,40.0,1
4.391096174034797,2.9614428474626693,2.433454965288677,2.631274372690557,40.0,1
3.00136260996549,2.8461309365861305,2.3885826735594495,3.3210453150760797,40.0,1
4.287561184642544,3.36658188023843,3.328159631744418,3.4537561086336814,40.0,1
2.832299397539766,3.178296075192647,3.1090444939019104,2.9587437276703046,40.0,1
6.780130835682856,4.6875289866503165,4.347938887822369,5.28126779459351,40.0,1
4.724612788862791,4.082553201003825,4.370949737066154,4.542405978679264,40.0,1
3.0891432253135256,3.4111360651077582,2.985530991765537,3.6438035875414965,40.0,1
6.112507243945973,5.374534715168784,5.107921706215673,5.707234021464479,40.0,1
4.882438946060117,3.717503729553155,3.28124713556748,4.266600393983279,40.0,1
5.105089900853994,3.8481706482032143,3.750867791855435,4.53396416739549,40.0,1
4.3528166776397805,2.9593746972368336,2.1000848411186257,2.335094740304473,40.0,1
3.395213817139736,3.406220442276861,2.8371358194177705,3.6594259915391376,40.0,1
2.957885000179812,3.5775144813042217,2.9256859979136673,2.9620576973978427,40.0,1
4.100350634425937,3.3511903061616395,3.599184608177642,4.11300859720257,40.0,1
4.526827944961664,4.623620516985581,3.964707514341346,4.001756424595801,40.0,1
4.129601272824388,4.014206052263534,4.008236242568919,3.905442364732321,40.0,1
4.881221213855218,5.448443523525409,3.9368385606597354,4.571090505531925,40.0,1
3.6759563167650837,4.738596972885851,5.389156081614432,4.40171192480073,40.0,1
5.687548855515312,4.979099970565828,5.143215595651812,4.741551722570746,40.0,1
3.5838128999665546,4.0530170186583545,3.3560999414982025,3.031749828706955,40.0,1
4.132993375848647,4.395264022153764,2.941422389616499,3.236442451585404,40.0,1
5.8704062773352,4.2249412464921425,3.3656601450851995,3.4995219662039125,40.0,1
3.6504252816251133,2.641948670602754,2.236156812695637,2.5655107339626126,40.0,1
2.4796614139442976,2.985462831446375,1.9259143233600706,2.370174320749167,40.0,1
3.4343642135823766,4.265280578984133,3.4087494277856067,3.1692377493273947,40.0,1
4.823078980933001,3.866137992627905,3.8043829126879656,4.716224588324261,40.0,1
4.1183118875567555,2.4938552468368225,2.7986305099429014,3.1339949856473615,40.0,1
5.167607493053925,4.244627618999991,3.797257000093869,3.936627026809407,40.0,1
6.565925423241417,5.693771937062038,6.208326746349342,7.195010962622358,40.0,1
4.031596204816182,3.2554774408258558,3.4005793850769566,3.818143522688215,40.0,1
4.567343275138848,4.517949551425393,3.354711570812394,3.858094782865283,40.0,1
4.714706649863369,4.428728978883325,4.236534193658698,5.195124168331144,40.0,1
3.8903495101027192,3.7764079296302486,2.369637002378406,3.029902340431162,40.0,1
2.5922169813787463,2.399966959874099,2.3211352235905736,2.18390637409208,40.0,1
4.04881257014529,4.347097296061552,3.912782903315747,3.537791771149173,40.0,1
4.551915984716956,4.3493218395606705,3.633879460673285,4.107882543727715,40.0,1
3.3759973398620113,3.561991771952072,2.886227004260089,2.9227337698090357,40.0,1
4.906210851048184,4.15384919395089,4.166161927901062,4.483856051789123,40.0,1
5.503394422917399,5.584963290832653,5.459003885582846,6.729227106464062,40.0,1
5.273576824323837,4.721235463076357,4.554998550073284,5.489120137917026,40.0,1
5.118414659312826,4.746366453171774,4.43871136054531,5.194756930950183,40.0,1
3.330263946399878,3.5792969839664543,3.3629617256539324,3.319499947711419,40.0,1
3.270190479989186,3.2826952460769308,2.8449580363144045,2.680012513321147,40.0,1
3.583388851446562,3.0808304622671714,2.692233969088164,2.2671155216453345,40.0,1
2.7805449286505897,3.2913004462929996,2.4429745884414467,3.469664549606059,40.0,1
3.4282150456210436,3.8454630300132595,3.1420139104369267,3.8746566090158323,40.0,1
2.862664507305211,3.5723902126511646,2.8608416989911345,3.957736747515632,40.0,1
4.197852926442278,4.984986510342547,4.776633374399058,4.39529178960601,40.0,1
4.260863016251589,4.19347519351723,3.9457195542016223,3.8703531242815163,40.0,1
3.0361850346694554,3.9200456079664705,3.2900033356101535,3.5967937632756874,40.0,1
5.554709568142407,4.872872870562135,5.42267799548208,4.8594917332031775,40.0,1
4.0613759080714456,3.6088353099569104,3.2171433344048648,3.864446603708882,40.0,1
4.223800179937627,3.863298841209681,3.342554200187348,4.308691963930699,40.0,1
5.331731631659511,4.266535329073175,3.4673781095220053,4.027754484594504,40.0,1
3.207888114243891,3.0080661384210976,2.725731672126271,2.7770585929245355,40.0,1
3.2557515652126483,3.325117282193507,2.735835126990798,3.0173040027169655,40.0,1
3.7185601966430633,3.4363911238880247,3.4986750444936865,2.6566094608183928,40.0,1
3.8972767678378326,4.0226516547425115,4.133113836178006,3.999840815347668,40.0,1
3.8775738563539823,3.9823739544376244,3.5191713941019684,3.891607417457346,40.0,1
4.552857775368164,3.918942617353646,3.5786255882764704,3.745992781830433,40.0,1
6.550418139572689,6.00830292420591,5.296857978883881,6.205586252361101,40.0,1
5.03110708643055,4.462719578528113,4.985133146440506,6.183075593295448,40.0,1
3.5567977757337395,3.2105812645045257,2.7237766429794386,3.2263419924108185,40.0,1
3.9635997288967046,4.157305727899848,3.708861581855567,3.588584861245604,40.0,1
4.946600302823391,5.422581772770018,4.3162393881700325,4.230650008800766,40.0,1
3.220464331600147,3.112978908595016,2.928062446515432,3.7575986839768736,40.0,1
3.202588198512062,2.6058293900705793,2.3702543435660455,3.04220655616571,40.0,1
3.7843936726566856,4.3497319052158465,3.3612552060744956,3.9263610905865933,40.0,1
5.177627504558977,5.931925983854899,5.217973197286706,6.758579043355355,40.0,1
4.711090835919739,2.9380011774277026,2.818151525514991,3.671656993905284,40.0,1
4.70356315491674,4.623627336559485,5.1986773751121005,5.300429604199793,40.0,1
6.615515574467627,5.529427428272735,6.617710383371612,6.251124147603424,40.0,1
4.634386173246883,4.866919589544166,4.456839800249895,4.129329663563173,40.0,1
4.4439266471032015,3.844951620503545,3.5486734698677074,3.6098527883222253,40.0,1
4.994831003880495,4.124716574798239,3.893825984594942,4.746624463353528,40.0,1
4.987572615022158,3.429770812699067,2.613920152080504,4.181172948997818,40.0,1
3.5921767486399574,3.9447812335941563,3.396216705807493,3.4530526904515946,40.0,1
3.409083288307791,3.767961694881829,3.648645142316021,3.7780324115038457,40.0,1
4.1865904814759345,4.916231411231295,3.97269115120294,5.164003278397988,40.0,1
4.134856087564358,3.315851454122617,3.0472275508061264,3.2150497176232005,40.0,1
5.49248199488594,4.847459257495646,4.580505172826059,5.213397921752552,40.0,1
5.6873249348352415,5.464435650420581,5.25828717547084,6.81347746301592,40.0,1
4.718921959114191,3.896726994180992,3.5063197073560617,3.7702731084883463,40.0,1
5.403094165056343,4.818070048306452,4.598630046899793,5.35174492771576,40.0,1
3.518038469404493,3.1117570711719162,3.301620064887601,3.7175049055783718,40.0,1
5.167843117905021,4.711342044489821,3.5238214802663843,3.109970162674086,40.0,1
4.253980756292122,3.271827883858323,2.464131111854662,2.310863580846368,40.0,1
3.017902821429252,2.7493119473967953,2.317389374327875,3.4624085053966627,40.0,1
3.242312500513774,2.9701051367807203,2.515572086445884,2.9357820367128036,40.0,1
4.154260180472629,4.762998710280792,3.4614445857911007,3.1643392741708367,40.0,1
6.1632059347013906,5.318020598039593,4.932617298967451,5.925066688117683,40.0,1
4.77375610366151,4.016222642442146,3.8461730757175907,4.264226454212708,40.0,1
3.7041508223055843,4.360495694660078,3.864349263484945,4.204317607349468,40.0,1
7.518713885112423,6.249825119248072,5.6356777642213505,6.306051101673942,40.0,1
2.759015733455587,3.9316095252907823,2.9855484186724763,4.745607771760492,40.0,1
3.668012605146165,3.08791093855212,3.0729910166803656,3.36734983049622,40.0,1
5.014110238712554,4.111657938485315,3.3417335678212554,3.7820586896540807,40.0,1
3.5899041176042523,3.171681587639137,2.6350895464257778,2.8214896859532725,40.0,1
2.4247809217095226,2.8826098256541903,2.3225134803954757,2.686659565160417,40.0,1
3.8734663264208877,3.1157468711986684,2.9953755722605235,2.826855136402236,40.0,1
5.563415838298677,4.5563222958624365,4.0341887744491185,4.578954128948629,40.0,1
3.878537520065552,3.7029660113584906,3.0553203176879404,3.5306183373706896,40.0,1
4.752702447808063,4.627278078431224,4.274678166920909,3.9937222649937563,40.0,1
5.409085861335219,5.964330366142775,5.900487816043084,5.772889843823082,40.0,1
4.371859497188569,4.0234055267964495,4.430029501849797,5.288390603374073,40.0,1
3.7057447118078355,3.7611828861855425,2.519413846083285,3.7080115574022803,40.0,1
3.056233927701229,4.219062796771509,3.9092678953100233,3.9712718434338954,40.0,1
6.221053587502012,4.613664263496245,3.7892217593102355,4.036017551439199,40.0,1
3.2033867326064382,2.8764462472617383,2.2449621482300484,2.8718327737186207,40.0,1
2.965449507153561,2.7903349058219207,1.9855071832137403,2.8624659597386155,40.0,1
3.7198338083197586,4.039342285183978,2.8807646190085947,3.4764577562596424,40.0,1
4.016998471833766,4.200750371005175,4.309769719870089,5.076170736917202,40.0,1
4.68671992923333,2.900704404644588,2.8166011685279635,3.129985967257944,40.0,1
4.617082807253581,4.590398601782385,4.75731611389796,4.7022207716480935,40.0,1
5.551904024451529,4.239167654691533,4.696860537843755,5.540435085796878,40.0,1
3.8908969563451272,4.7617629007927444,4.1127543458640625,3.758624120201875,40.0,1
3.422758872128121,3.6131621563698397,3.283106036429302,3.6424863304231647,40.0,1
6.164518626288017,4.811182366038187,4.175440476943172,3.955384455587952,40.0,1
3.955351648867003,3.2128968204554584,2.369694130073346,2.6849236728830745,40.0,1
3.9446539205404725,3.2729962359291394,2.7631503874939773,3.262188917972864,40.0,1
3.528466188871445,3.808357746869474,3.0472570761037137,3.0018509878434068,40.0,1
4.071447019669289,4.146005384390531,3.4315890181021653,4.931978980383059,40.0,1
3.979009592744139,3.847399622164928,3.366492874371726,3.2454623089510037,40.0,1
6.077531922702574,4.72543407516234,4.491955320075281,4.823722716718875,40.0,1
4.671732801444561,4.964711373366332,4.138757923779207,5.7088996365552225,40.0,1
4.475008179863155,3.8999926124633717,3.6111387965977215,3.925999962490929,40.0,1
5.249198466327826,4.524967789760091,4.460819102740025,5.1720764908393235,40.0,1
3.067213430383109,3.3980408635542014,2.959728819187061,3.0337455885455533,40.0,1
5.077785146103756,4.552381419853205,3.8216556389094114,3.548198905033299,40.0,1
4.499423615558195,3.8317759694004025,2.8643901873326785,2.5442257807809527,40.0,1
5.102174179924371,4.065235533678121,3.4999214186748255,4.9518532233320744,40.0,1
3.034133952431142,3.068448867969579,2.2379548844922783,4.053437652097041,40.0,1
4.218581654954411,4.634382654343058,3.7361035728694683,4.442825601641962,40.0,1
4.505520466094092,3.9837221673121848,3.907648939626418,3.894462974792996,40.0,1
4.282886322582328,3.4463498169750326,3.2430584672321707,3.944897709046242,40.0,1
4.482767436620598,4.08751509894916,3.688577598773412,4.069163934904389,40.0,1
7.107253237382713,6.0299568753189705,5.907573271670284,6.09092805186758,40.0,1
3.2804474039718428,3.8828391903582777,2.8013327918310966,3.518241247901712,40.0,1
3.5986277286459063,3.2762615184545645,3.0043795949595364,3.083063337296984,40.0,1
4.597875993972503,3.8967974564156154,3.021705405450383,3.1880045346853696,40.0,1
3.449867973489711,3.13498440418413,2.5998688947819355,2.417750807743612,40.0,1
2.6727213592989476,2.763060558241916,2.1592738532389353,2.5970392770696638,40.0,1
3.3600120085020935,3.9009242510071043,2.743583278581534,2.7836455331177072,40.0,1
4.591442658488534,4.664860793984159,4.214830779034526,4.672905447387277,40.0,1
3.572619589787461,3.3826290816985494,3.0220263947019754,3.210727581916894,40.0,1
5.450749174712653,4.948687209794957,4.211281200745573,4.404317727410624,40.0,1
6.133318739873611,5.240374383869549,4.767980172842329,6.503672233772558,40.0,1
4.417581205561879,4.182184680227063,4.540006070716935,5.473985794498938,40.0,1
3.8601829942233303,3.593150402369148,2.8907013984681793,2.950849534879492,40.0,1
4.2063456037410205,4.21022343887568,4.146766100264975,4.104708864928054,40.0,1
3.7304332651610324,4.142348957619774,3.322548862613999,3.5211548630529137,40.0,1
3.649618409271599,2.657823853377996,3.403893065701143,3.6068317008914312,40.0,1
3.849785031893897,2.725425719535611,2.6577128563479087,2.5068959750127107,40.0,1
3.327564548866555,3.95040605184335,3.1354244001437097,3.3357292918124757,40.0,1
3.5796259451504584,3.9415091534375337,3.190911549322532,4.719744238327355,40.0,1
4.644254492048591,3.8508854654684828,4.034376376901338,4.899312933650067,40.0,1
4.838019346804829,4.182822023514128,4.710760593651105,4.9777230951187175,40.0,1
4.342433487009245,4.795664009164732,4.71538939941579,4.769821303886448,40.0,1
5.328631228542179,5.424384423110948,4.963812243228407,4.173750623181224,40.0,1
3.2723780089784613,3.9825669261265486,3.6876740090090236,4.216880929354537,40.0,1
6.074063879646296,4.989564041808525,4.577904534558161,4.6903249057448315,40.0,1
4.45971434172455,3.760675149616557,2.727056121577873,4.53614001199885,40.0,1
4.420873469129738,4.511120158936992,3.8954033054219748,5.840830995810991,40.0,1
4.120864702265543,4.244412471840811,4.283789672213426,4.959519700441626,40.0,1
3.690483277295996,4.564786297722425,3.16120264413075,5.165413727090998,40.0,1
5.241787650008198,4.293020185909898,3.972641883479679,3.780402580836516,40.0,1
4.954718853515654,5.2852685483936135,4.635424689773812,4.6678842762313675,40.0,1
5.337484777409841,5.523532740143072,4.420268524033067,5.907996138635638,40.0,1
5.241415236265743,4.747151185005291,4.036083563724793,4.869906129329622,40.0,1
5.532229200226219,4.809301360855885,4.914319443013302,6.592958001063211,40.0,1
3.997218675677749,3.903608587076788,3.3843389188079254,4.211540794600553,40.0,1
3.3977857958026294,3.6116538350248844,3.074463824175155,3.0629487645734725,40.0,1
5.225495097389604,3.5509948461289804,3.2918948834318114,2.9427412052430384,40.0,1
3.2533521637907756,2.569474689515916,2.18534440356595,3.9413149901731304,40.0,1
3.556428063430917,3.401424025407976,2.4076163382919846,2.936802759294221,40.0,1
4.852153323137089,5.61421088216632,4.510583002168129,3.8523125100078914,40.0,1
6.149374562617349,4.700497054462291,4.275157930773721,6.351229274876302,40.0,1
4.299664703531255,3.670248022719613,3.2403558533257644,4.128328889653694,40.0,1
3.896628507096502,3.7652984236888365,3.7218197146167324,4.969841099728237,40.0,1
6.920583018590735,6.322861899221228,6.829917958936015,7.358432361808448,40.0,1
2.7454169422550896,3.206707143789793,2.7030239966582537,3.624007594395209,40.0,1
3.9871625859630546,3.36568011728766,2.737113884276846,3.2667840488129283,40.0,1
4.337431095884471,3.6708982655077818,3.171152350593565,3.613259577220219,40.0,1
3.681021743593288,3.3760979901490407,2.528840941167305,2.9134694715671436,40.0,1
2.671758692967915,2.8747086732899816,2.2622784744022453,3.239405764458234,40.0,1
3.460147342971009,3.4693184735684257,3.508799401340266,3.3265558062311444,40.0,1
4.561290939085201,4.5959017246975105,3.9259860363916483,4.334225631431831,40.0,1
3.834255677197156,3.317247362433201,2.8767334096398303,3.707265616628534,40.0,1
5.446148223499638,5.700800809264371,5.104694440032482,4.4416607538120125,40.0,1
6.071494122807625,5.574330826901039,5.686465019994303,5.648760452808325,40.0,1
3.442708651723344,4.431771424333179,3.978889554128722,4.5389771971033275,40.0,1
5.274506842244071,3.9934774922442964,3.7365503882524744,3.8426691458533484,40.0,1
5.207784315663292,5.200305165399327,4.0865344524802225,3.9685184420581874,40.0,1
5.463545382354391,4.331123197525986,2.8998195059552527,3.064157462707669,40.0,1
4.362742293733485,3.7300666179502713,2.9726029652244113,3.6247684355857954,40.0,1
4.3711153279312205,4.747879790842252,3.1526598825253322,3.027098363386146,40.0,1
3.727892882142001,3.7472644192203783,3.3090776159785213,3.5880780487478874,40.0,1
2.619180345847295,3.4402339394027313,2.829465167196254,3.7908851659274214,40.0,1
5.5192083603571085,4.425893853581038,4.148513030765483,5.1627539900012,40.0,1
4.722479167681849,3.864150715426558,4.300757391189492,5.460833827191178,40.0,1
3.875404225171091,4.456700499594715,4.1412393375094965,5.018914885276057,40.0,1
5.4214494571205165,5.504467906052504,5.772394634938721,5.424536326602562,40.0,1
4.00435583962174,4.791658441095667,4.013893094408971,4.524672265064349,40.0,1
5.567863895511188,5.3392215736249105,4.78559032690941,5.820029609324652,40.0,1
5.735801585699063,4.467814587897089,3.6970126328399004,3.2534490406426877,40.0,1
3.4026129861825427,3.7074730641171305,3.0340845484291656,2.7087451288413815,40.0,1
3.369981012722236,3.7277867064988626,3.4058555150616643,3.1373637609128435,40.0,1
4.419161316532029,3.604122558038945,3.373531752537127,3.607447650390756,40.0,1
4.458158384596108,4.5369059023476455,3.823039506494856,4.096994507788698,40.0,1
4.760943596550982,4.036720150011846,3.9443780016000836,4.298178999731872,40.0,1
5.027406460527584,4.486543140761184,3.868341555246319,4.226867848759189,40.0,1
4.841914977681663,4.690759495784271,4.435395547938108,5.4581772549592715,40.0,1
5.230309387230907,4.8883467888821155,4.854920696200963,6.05001493046313,40.0,1
3.3332728227536257,3.6373188867025688,3.0092799336041844,3.3169786980046663,40.0,1
3.5001863573860152,3.4126687245504894,3.052046347112941,2.853010865412718,40.0,1
4.0930259390231996,4.140877087922224,3.1880093087657952,2.6384974714675224,40.0,1
3.359221181374085,2.8073419088307343,2.322602910370871,3.4077493832722228,40.0,1
2.761780460237237,2.90875756512022,2.311542701085815,3.255873784147335,40.0,1
3.773343209823343,4.251903170501657,3.4690356928997184,4.059329864803791,40.0,1
4.758334975504302,5.385584985847572,4.825260950564838,4.527221911536105,40.0,1
3.5946976195046156,2.8880301091687053,2.4401194507579245,3.4245248747434807,40.0,1
3.9896112008995286,4.687122933385872,3.5721341708545293,3.8994746857590616,40.0,1
5.363869757322208,5.055204732332212,5.175032519324751,5.301026373285552,40.0,1
2.9478602707879342,3.610048284251333,3.080649191705346,3.1765807394324317,40.0,1
4.935281977946171,3.96420231446317,3.1865864159805217,3.8073326070826345,40.0,1
5.271151434098014,4.389511620791623,3.800984720631649,3.7065964876151747,40.0,1
3.6273901938241266,3.2872669481652568,2.548170804384321,2.902815205250403,40.0,1
3.1663979810869827,3.201244093254296,2.6015208063784927,2.2092953571096667,40.0,1
3.640271659691654,4.4302258592403945,4.295710790704834,4.007987824261304,40.0,1
3.720270953028328,4.153348947690841,3.756374581093296,3.7678552313027747,40.0,1
3.2608216394127116,3.385349666660701,2.977374843799909,2.9576173002578723,40.0,1
6.234388257077326,4.778856615020892,4.95262280083262,5.38347438597639,40.0,1
5.526235239783511,5.193287885189034,4.842339215565165,6.439473032312689,40.0,1
4.494260271890464,4.457879833108992,4.001572919386626,4.4652113560760185,40.0,1
4.782560580028021,4.130779225025655,4.345798404593679,5.539845874392021,40.0,1
4.499751137782849,4.060302324099803,3.5612312191737194,3.6231162098693614,40.0,1
4.024006982785542,4.514094468813913,3.3427220365262396,4.029553489322795,40.0,1
4.1684553874062376,3.1815973533661768,2.63652488873018,2.668010460516493,40.0,1
3.281665031362532,3.034606774368555,2.675027542526095,3.2272470813607037,40.0,1
3.550794773642191,3.599827489265414,3.0125354774509487,3.3939912648857424,40.0,1
2.9722679367414733,3.6306767467031813,2.897665897657933,3.6788363003061484,40.0,1
4.796442001935453,4.895324710609699,4.730376431995556,6.114450661675983,40.0,1
3.7310832234502223,3.690234729982916,4.057866730452662,4.538065731380177,40.0,1
3.4704504903743376,3.827910434128094,3.7380221504791216,3.774962369448947,40.0,1
5.283015669764416,5.185354389641277,5.764150713449967,5.026302395778065,40.0,1
3.7697312079092073,3.8714979659095556,3.5270844387068077,3.911702050904629,40.0,1
3.7865328356817516,3.73820766802124,3.8351549957739883,4.22761610894688,40.0,1
5.484598149576127,3.949987714225406,3.1482474801667117,4.665456877225323,40.0,1
5.492410660877778,4.537375740935407,3.9174979101778185,3.8338492952049013,40.0,1
4.396050539866466,3.9350943844171367,3.134689379674835,3.710741719826549,40.0,1
3.579116033350721,4.259255256446927,3.525583665319948,4.1374807620681135,40.0,1
4.301417417329285,4.202108294995319,3.967793026672102,5.130404485058093,40.0,1
4.561051833613643,3.486124406717528,3.810420643607187,5.230504296168262,40.0,1
4.053104738793937,4.124016589327,4.12065007444958,4.468836138630335,40.0,1
6.102403511528051,5.891029635762852,5.490072923771819,6.168331216076074,40.0,1
5.335976612480794,4.88146097159126,5.338807991506023,6.256710242323297,40.0,1
3.421773364942611,2.8463582601310113,2.41751787447052,2.635745248223524,40.0,1
4.158901331038321,3.499963102011673,3.3029679811687815,3.024689546762527,40.0,1
4.359728175099997,3.9493040411474976,3.027119030005582,2.448217303749628,40.0,1
2.3417409599626473,2.664387972929224,2.1675906535115765,3.0511870364429368,40.0,1
3.542452577840447,3.0027995436393433,2.320490563176511,2.7531445751915644,40.0,1
5.900157278544714,5.079541912593007,4.29583469872297,3.9143296004846357,40.0,1
5.10631321853035,5.173209783537441,4.66545547172308,6.981956590449091,40.0,1
4.405126123587971,3.57931868317549,3.0038265796530923,3.9057290025225253,40.0,1
4.71068490124304,5.098473859295961,4.850861160882171,5.915891517411308,40.0,1
6.514262279573399,6.375585262128004,5.985838523539776,6.335889113119666,40.0,1
3.739110872059491,5.002466996919065,3.59597847898539,4.866267719319471,40.0,1
3.827595436946223,3.186479141511862,3.196104005000355,4.2148441363660964,40.0,1
5.746809928764045,4.848394258318201,4.488624566784548,4.613087196863879,40.0,1
3.9400140219087527,3.4521601647304494,2.517329100295189,3.751631452443837,40.0,1
3.374965326398328,3.210778937213036,2.5991452687596968,2.145955001737276,40.0,1
3.2494686677647837,3.5442162508320543,3.1027345824075945,3.0510806841934714,40.0,1
4.577862496675246,4.411251152796348,4.244979643988675,4.861539316135852,40.0,1
4.843642576169275,4.536046510837726,3.4491641006061404,3.3958075263225265,40.0,1
5.6903846677095995,5.435847579245949,5.012094374040226,4.66267669130045,40.0,1
6.519209578898853,6.479036399363317,6.834373787729236,5.6219597755768795,40.0,1
4.115544601075011,3.4886591366659383,3.536307533276571,4.116963442653915,40.0,1
5.56920547173813,4.753727577066166,4.860714715328332,5.136851487712952,40.0,1
3.670923898356194,4.319459432400566,4.149506012584682,3.8000747301635442,40.0,1
4.449963712194556,4.76098250027326,3.394670220872874,3.929683217209499,40.0,1
3.9720728555626663,3.426590019795818,2.5936876018552106,2.7901812346895274,40.0,1
3.4274251163816087,2.7500876857325975,2.432317743067631,3.3758700951264573,40.0,1
3.707376653296862,3.422073062002184,2.7652843792821753,3.228092554211476,40.0,1
3.434453221393079,4.536868066987577,3.2138742223767083,3.417407142543622,40.0,1
6.261806527445746,6.517840496007549,6.179554236183654,6.977362869913394,40.0,1
4.2867189802915115,4.2594891307887055,4.318445965274314,5.770131117241683,40.0,1
4.050527928063859,3.9446404268835984,3.8774480990041114,5.051901434673835,40.0,1
5.77481379192084,5.933957906560538,5.794417420943034,6.622034411031784,40.0,1
3.0777439704943843,3.247987471244477,2.9475860470362734,4.512263663766918,40.0,1
4.126560250935122,3.3776923589743055,3.0448922574487907,3.168315043072604,40.0,1
4.978211025522695,4.205719244837574,3.427226883016417,3.6865661263736356,40.0,1
3.894197175026853,3.494483705652121,2.7984049351370106,3.201245031793445,40.0,1
3.4826367806197727,3.7821935323393614,3.178125948002901,3.2345060220400694,40.0,1
3.7429311984008917,2.925220896299121,2.7324586054611415,3.3295993180489494,40.0,1
4.464948439342766,4.468997742485162,4.2898795889529415,5.4902404191579866,40.0,1
4.285482163212625,3.730038934057298,3.3868899483929393,4.309214044124539,40.0,1
5.30485700593565,4.431899682563396,4.562922279205625,4.818921938150399,40.0,1
5.604420883189838,5.3116899080693925,5.424956033287661,7.187197156149108,40.0,1
5.0083214990138565,4.570122042100952,5.051327489557936,6.478049027928555,40.0,1
3.7707820650878823,3.2055595211824226,2.5699940539031294,3.4397912896356053,40.0,1
4.172198092447298,3.930025737855931,3.866386764271356,4.305179340693587,40.0,1
4.812148656344507,4.611764149357608,3.5123701586830505,4.189032268413927,40.0,1
3.977655476901941,2.806345489763843,2.998526338400438,3.6247170439524767,40.0,1
3.364602904514088,2.7775483606068425,2.0999892311742494,3.745369448993995,40.0,1
4.976596000540873,4.624058185054735,4.089523320140809,4.911333500230884,40.0,1
3.6775922546313726,4.278386828864137,4.554669860652077,4.119713716686132,40.0,1
4.16704428412883,2.775338068828505,2.565099749874368,3.450549501138486,40.0,1
5.473665541957202,5.274278651627798,5.010047620839729,5.032176631051195,40.0,1
5.676727382362134,5.361407696180554,5.488665405323631,5.800749589776175,40.0,1
5.706236832875944,4.79899518702883,4.5339267988350915,4.6373024399320375,40.0,1
4.450416889000234,3.6467679525461802,3.1970151917029614,4.077758284105952,40.0,1
4.687382587072957,3.6071342137726696,3.3668774560802333,3.4834044465114435,40.0,1
3.7804339602413903,3.028755711338694,2.4428096995682966,3.0755072190163206,40.0,1
4.418014782514921,3.81095131783764,3.2069673335541147,3.34724231187847,40.0,1
2.564547190364169,3.2367182637174707,2.6840037208922114,3.2300302326346797,40.0,1
4.393416571990962,4.704031504638733,3.8155534366158936,4.6921358721687625,40.0,1
3.9881302577047046,3.592547628651935,3.4245434385974187,2.9986425127454095,40.0,1
6.078821924821728,5.2919913591965315,4.931190034409493,5.117697061847561,40.0,1
5.540152558504626,6.2807689195488,5.542716491329377,8.399076529694586,40.0,1
4.896969739347649,4.879227578952005,4.023964880954713,5.251339400608423,40.0,1
5.2866768035870075,4.570871083773956,4.573445713008655,5.243773991112449,40.0,1
3.8096364314771685,3.22775232031664,3.405572768230526,4.4168283479011095,40.0,1
4.951632525348935,4.295390375828524,3.514568768123758,3.4926934828210197,40.0,1
4.205039947401206,4.008496133356427,3.011193229323956,3.3021582168171375,40.0,1
2.735026723811276,2.768381601857463,2.3862154702469054,3.0520196007555085,40.0,1
3.9135236123360757,2.9602604461517594,2.5740166919471688,3.216186049373145,40.0,1
4.372974008652827,4.048956423137266,3.441050482094459,3.791358048140043,40.0,1
4.1273642538153394,4.453405858260161,4.752249986953253,6.145067686162169,40.0,1
3.9933145309549927,3.406774876310323,3.8284870620578615,3.8690966216622584,40.0,1
4.566778067223747,4.080686444646826,3.9422631757187387,4.171785465494486,40.0,1
7.377490825623038,5.627384939934384,6.796772927640851,5.874756786746382,40.0,1
3.5714581138769885,3.6286202360182167,3.138914820348552,4.283268273900868,40.0,1
3.524714286557618,3.9424037388885034,2.8802845239752775,3.408272205312885,40.0,1
5.30249920232446,4.566074523005613,3.74328569200624,5.055867846895489,40.0,1
4.512608684036867,3.7464774314505176,2.9743784028476465,4.546350271067425,40.0,1
4.55277266174103,5.034149199137718,3.6786725326513134,3.9842519283268913,40.0,1
4.554938463237292,3.837535886246584,3.4922966642444666,4.654454632689192,40.0,1
4.501960989060832,5.656757577026748,4.110689389615778,4.953050319339596,40.0,1
3.262347325367636,3.1121125828048037,3.1534225129603395,3.387826945250843,40.0,1
7.1084879512306935,5.475468651740088,4.771339434941935,4.7469990961769435,40.0,1
5.964467373054884,5.13080110836169,4.537295997197609,5.632055301032167,40.0,1
5.28562446075484,4.638847739794911,4.9230811545629,4.868063438307261,40.0,1
3.7796927731937475,3.6639739984001514,2.7078275627496233,3.82542751355376,40.0,1
4.429686676767398,4.981834398179074,4.283508759036112,3.6012956805411602,40.0,1
5.547385175645111,4.117856481152042,3.7436286413725464,3.3888651327260284,40.0,1
3.839600847878998,3.131342702650351,2.0351967572953753,2.7741507644992414,40.0,1
3.3524943769947604,2.735418413206714,1.9709669752166024,2.825166371823336,40.0,1
4.593754393465944,4.60081517759717,3.9873462909037705,3.8605694734811813,40.0,1
3.389838771593385,4.155338015323945,3.3186454073558878,4.736921993618215,40.0,1
5.433312077985068,4.625419504069019,3.814113551400881,4.971883657435898,40.0,1
4.849353371397178,4.267677980610996,4.261026786073574,4.37468563876421,40.0,1
4.959863594794496,4.167463396662139,3.9223339669068356,5.641437970177739,40.0,1
5.753990241210253,5.742375626123916,4.536051920882279,3.6811319729865,40.0,1
3.250119740643752,3.2634024357746423,3.2376914999306434,4.63160636869605,40.0,1
3.8608027918393084,3.6775336367772367,3.447187208004944,3.614388217564987,40.0,1
3.4881157253205903,2.9890264210696498,2.005575989820552,2.2686416995562757,40.0,1
3.454011921431728,3.0805480008462593,2.56749479805402,3.183601335458818,40.0,1
3.073197667564861,3.627101906941115,2.9196029307983626,2.8733845932754645,40.0,1
4.089744851864395,3.7186766028762928,3.5474491283047156,4.266696391406555,40.0,1
3.9653803805473777,4.842461478751067,3.705260175962395,4.000557089184782,40.0,1
5.501866482021574,5.306349972218286,4.9622457551131935,5.016118648213525,40.0,1
5.4295440333869625,5.943392526288732,5.4504520139772525,6.146246527679059,40.0,1
4.491928755845173,4.3344190977129715,3.9160510937485284,4.704497591875878,40.0,1
5.894451679712481,4.756632876643087,5.360286214436882,5.246920522197372,40.0,1
4.475331850643434,3.8480929368159633,3.2618585593370937,2.956260004464367,40.0,1
3.9553957436474416,4.412296260652875,3.115294999021018,3.710725808315812,40.0,1
4.902374058658128,4.028476314556764,3.123454739663001,3.6731837925912116,40.0,1
4.134157219808493,3.707434348626595,3.255605882286949,3.341597208898839,40.0,1
2.7929817016398126,2.9547098295231358,2.032443952743268,2.993865416237162,40.0,1
4.108277206501311,4.557513474778149,3.746185460809311,3.7424219007099877,40.0,1
3.8068727030216065,4.213651944822146,4.441781486248017,5.664746481168597,40.0,1
4.230133939451689,3.503652052563918,3.477784013112323,4.072396705260886,40.0,1
4.12020380818647,4.178197246109091,3.7367600723406067,4.37848495603827,40.0,1
7.843922602614999,6.553660009698452,6.938961414837438,7.295816011156149,40.0,1
3.9311122517192376,3.693320831496612,3.358360392835289,4.502570929363511,40.0,1
3.0647323781950435,4.1036646898160205,2.7658356867830216,2.590818396845847,40.0,1
5.4397152275338865,4.807152792630634,3.5321384194202086,3.403525692080747,40.0,1
4.691035111743348,3.6556679441973134,2.620186974676749,2.896353514639543,40.0,1
3.744810909696989,3.6328082249649234,3.116133528043459,3.069264661556693,40.0,1
4.68003405616704,4.939753715198218,3.9508482271567105,3.7374080525399713,40.0,1
4.601154263717233,4.958231211825611,4.178849152858979,4.775810107535496,40.0,1
3.0075300112771197,3.1295814989264206,2.7240858924821367,2.8425145227760438,40.0,1
5.844452308723444,5.4593806303735075,4.940460339923459,4.729153608365574,40.0,1
5.636736478390742,5.0556535270475536,4.67289584867658,6.453124297616648,40.0,1
4.426373581943784,4.365177398569654,3.9191495964656107,5.596034268597304,40.0,1
5.1947188534204605,3.782403430774602,3.869833349030782,4.254426818351014,40.0,1
5.0575365850894896,4.5442109797122185,4.4679358368520505,5.26733296836266,40.0,1
4.881992189671654,4.5762808439836675,3.766021134074639,3.4869709104920545,40.0,1
4.47709739852291,2.7143644353760856,3.122532663220329,3.8830593870925236,40.0,1
5.383276521697713,3.7292580179237245,3.159263852371052,3.877549669797012,40.0,1
4.459901058353491,3.7130562130353635,3.8362244098441245,3.941675209694854,40.0,1
3.8712891127022355,3.7958820515682117,2.892006012892788,4.135439106027989,40.0,1
5.817912554760986,4.76711201521583,4.601339463688137,4.6832682097649005,40.0,1
4.920185574170487,4.591207269161276,5.052813316163509,5.072551263027055,40.0,1
3.446012870811232,3.847961889801651,3.2253788689759038,3.2613783362479283,40.0,1
6.02967615784329,5.119358346956941,5.429815073441315,5.107002494140504,40.0,1
4.664288893071439,3.8727544669754734,3.3663583617591937,3.9950354675247195,40.0,1
5.18959467970125,4.152135943741634,3.657143006270238,4.14221828567094,40.0,1
3.4396133535507927,2.6930484352802297,2.011001431483359,2.734161768399875,40.0,1
3.9834589327091745,3.608144187038831,3.1531311222123426,3.6736468412015775,40.0,1
3.7212781003807764,4.0265047383546815,3.4115068319494855,4.212157367925809,40.0,1
4.502193877432848,3.717223599021287,3.4660089782581567,3.4966747132649605,40.0,1
4.868236049919982,3.415679224274455,3.758645055099161,3.45216284181885,40.0,1
4.678602993337298,4.751813327967613,4.5418972740488535,5.028810701272167,40.0,1
5.168210087681701,5.373754913485852,4.704896132984162,4.923564828430171,40.0,1
6.677291599392716,5.143372237461562,4.9892132731342995,6.688166114891664,40.0,1
5.693090454190666,4.278270923814851,5.125075829998142,6.078053708617112,40.0,1
3.899387914418599,3.45572499666913,3.4126359459393547,4.50479880591143,40.0,1
4.5411977174083376,3.8773959506958215,3.1591396084306123,3.9664085482160694,40.0,1
4.754376439470001,4.051904919560628,3.773860004479284,3.6838826797536335,40.0,1
3.285665205097814,2.6969534934147545,2.5074975283829266,3.229555097524491,40.0,1
4.027573262816876,2.5366222715099047,2.211164483804212,2.6391034674477947,40.0,1
4.266377330980525,4.487958764424864,3.5432592298682732,3.926435271652952,40.0,1
5.061708375009364,4.581528935676918,4.554512983586911,5.311698765025703,40.0,1
4.215722500756938,2.9648625348196416,3.1324638975906156,3.664224262046585,40.0,1
4.591649108074793,4.500675016042189,4.443080659067569,4.736297213166207,40.0,1
5.4495146549296525,4.498461116480524,5.557065363717794,4.684021321989104,40.0,1
3.834184827314116,3.8264788842887905,3.258683828227574,3.680121949607296,40.0,1
4.64131575587996,3.4877732311001535,3.3696571578844705,3.2252439336002356,40.0,1
5.136946770194248,4.090767500151362,3.994965671954904,4.489372196609909,40.0,1
4.356902973289805,4.1371746294610015,2.8971847623707294,3.558946557431503,40.0,1
3.5390237229604016,3.488258678643793,3.0274970433385784,3.712383620207701,40.0,1
4.05686019661019,3.939282759838688,3.6776116084978163,4.511980596642502,40.0,1
4.639719272915939,4.505791085386982,4.107150197412016,5.045787517142081,40.0,1
3.2567688321446995,3.140005709980346,2.595826214397986,3.0103252320652336,40.0,1
6.246382663346451,4.626426823215876,4.654590242380185,4.809960010457497,40.0,1
5.066906632490688,5.26660723841546,5.288913619193906,6.113790600757318,40.0,1
5.13644563754221,4.800355356214848,4.238842201376459,4.315635498067715,40.0,1
5.591036390628149,4.591029966316145,4.029385566805983,5.229289658219792,40.0,1
4.2420110424231385,3.335698973622191,3.784215716543481,3.824450548802877,40.0,1
3.8611630863178683,3.585731316876697,3.1368499862192465,3.50220333432062,40.0,1
4.248562460968109,2.701126340005103,2.3283678419184555,2.712248367531983,40.0,1
3.432017715750084,3.1220230218214624,2.446696484127957,3.470264042937248,40.0,1
3.72434663614264,3.662551471877975,3.1008102398113664,3.375051995436667,40.0,1
3.2571236753420254,3.7359658259975363,3.2560288511417443,3.507561853406844,40.0,1
5.005157586918204,5.0119038856800255,4.351267815861035,6.4195733544591995,40.0,1
5.861033186003014,4.443922553663861,4.229093783482476,4.5898774635865776,40.0,1
3.4454511920275803,3.661754439022208,3.4014122108645686,3.457301266700177,40.0,1
6.204070949275579,5.595155269374429,5.626255003380923,5.778118995864889,40.0,1
4.119121921705134,3.426882566405811,3.3324462493570115,3.5747533431769294,40.0,1
4.597434381292463,4.146414055388054,3.648406517404174,4.267648383736621,40.0,1
4.8138593133812035,3.9230939398642546,3.0122551948378367,3.480049080719824,40.0,1
4.930886316562533,4.19804538668739,3.998126798690882,4.017245858141534,40.0,1
2.609384158553421,3.3450700506906625,3.044963999749582,3.5365498761866383,40.0,1
4.115339077062843,3.6902021440677832,3.718087176696862,4.047544310621621,40.0,1
5.236117966790269,5.319377870288352,4.209885723147293,5.325435756398531,40.0,1
3.6959185943896253,4.034790141772054,3.8295479624106448,4.250634715828719,40.0,1
4.480774342230405,4.215473469204732,3.436099323906569,4.302518890430707,40.0,1
4.445448501052869,5.624831315962624,5.387598716929246,5.172564733471267,40.0,1
4.6966858702544485,4.277675659245853,4.628445903953199,5.420923341959745,40.0,1
3.7858227977570436,3.6741480204478556,2.8457436905062115,4.293257200250747,40.0,1
2.9966663936730003,3.6128799753629153,3.1996409660864256,3.8290641726787156,40.0,1
5.5902505134380975,4.78699635963042,3.8055516176598165,4.490922389416555,40.0,1
3.0874485882169167,3.059596171831448,2.5549008512931444,2.734391244970906,40.0,1
3.693425163190213,2.8470460179471915,1.9279258303205578,2.999770236521059,40.0,1
3.2794117364892204,4.5193909975251545,3.2023245590231424,3.3907239343156927,40.0,1
5.0527306308899265,5.349888894238557,4.4525800909085245,5.567678456760209,40.0,1
4.499972866645603,2.3782172927188023,2.5829113203493317,3.172807362451469,40.0,1
4.430287096310975,4.907512129284976,4.957233701054377,5.2926428677511215,40.0,1
4.420366749277226,4.801862947276951,4.591525225371861,5.298907549720488,40.0,1
2.8564014602951993,3.7573679461952767,2.642608612096279,3.4825237527919475,40.0,1
3.838075152025447,4.194616026769142,3.693376821238848,3.8531961542057567,40.0,1
5.831514885041473,5.186602583157418,4.849106006091004,5.109863412096208,40.0,1
4.376063405397447,3.634733020016693,2.432049246262658,2.483169097565811,40.0,1
2.9651328886338315,2.9535044765696905,2.3634223539490953,2.5164513437106675,40.0,1
3.6078288889631627,4.0935521302285185,3.031577236629749,3.412295579777282,40.0,1
4.241084615466169,4.07633630948476,3.753218888182528,4.584295311076659,40.0,1
3.525514909817944,3.7281835205089084,3.2868924393694967,3.5068790763017335,40.0,1
5.035029229440309,4.886700437005991,4.461155806382658,5.074903042275291,40.0,1
5.190845815877312,5.590333160500767,5.402288256110709,7.2945713647813495,40.0,1
4.253451012667246,4.006625270695571,3.453417385451646,4.019993511620217,40.0,1
5.567082372736527,4.870569236269033,4.477789645827173,5.05248677966661,40.0,1
2.89547408207082,3.242125806590415,3.399172903988783,3.480636971984864,40.0,1
3.929942622485929,5.000108367399468,3.650934481744593,3.712926179015922,40.0,1
4.3138418008400246,3.755289589834218,2.755431279005433,2.438123566442894,40.0,1
4.074932121350601,3.580058516464663,3.046218179514857,4.33370806833658,40.0,1
3.004998996184122,3.205020965258475,2.576435965668706,3.8004284970227733,40.0,1
3.886190580573497,3.946818826734053,3.5414874382306443,4.337747835386554,40.0,1
5.224347456034566,4.357474452466127,4.176900682300405,4.229737643688774,40.0,1
4.510659776206857,3.990589160615591,3.927450112586121,4.193538813370271,40.0,1
4.184467595715978,3.806482061398626,3.5351434744112744,3.953055785965818,40.0,1
5.264428934297807,5.909748559828471,5.610634589179206,5.244214313743418,40.0,1
5.0945783136682685,4.212607968389068,4.103751545081437,3.998936243638431,40.0,1
4.508026639427159,3.573719173425836,3.5166140695371215,4.081066407129551,40.0,1
4.733207536266793,4.102569408510657,3.3578644869420566,3.313180500897621,40.0,1
3.3167242767225407,3.0299197265551454,2.4644795885196986,2.432549018253597,40.0,1
2.6526948110262754,3.1758031587840447,2.678278159297653,2.954217355268038,40.0,1
3.7439236774079236,3.2234047057793367,2.9564535085202683,2.7242700113981906,40.0,1
5.754350478720041,4.467673829446799,4.071834012475234,4.154906831135038,40.0,1
4.0691852396236055,3.7912668298847962,3.508028349659404,4.114049914203016,40.0,1
4.9821932439929695,3.9246633815352,3.800288823094662,3.8349983985434664,40.0,1
6.597038028348512,6.890557847497539,6.651014691072545,8.61484051202437,40.0,1
4.923779731540857,4.856070416630843,5.224830453219237,6.393340022944381,40.0,1
3.662325481848333,3.681252476476138,2.6628007763053945,3.273317520042493,40.0,1
4.737448040302148,4.0166839390702815,4.042079705951539,4.039667406078288,40.0,1
5.698726928610008,3.9911196789009744,3.3569473873155644,2.9954131639440718,40.0,1
3.8716941278483974,2.565007033825406,2.634046753500312,3.0544672670713426,40.0,1
3.721252082074929,2.601159557490271,2.5348540944238036,2.860192391364344,40.0,1
3.4538976615961356,4.05933665070087,3.1841688162588837,3.511164888107488,40.0,1
5.1787103420396985,5.743820528031559,5.295475935544468,5.921401142262137,40.0,1
3.8447986103618894,3.425635405383648,3.2085909635058045,3.8737689547105822,40.0,1
5.395475925138023,4.68073680682547,5.086285707480721,4.975978306703267,40.0,1
4.8442253891666995,4.6741633308021076,4.337494776505971,4.971165867394977,40.0,1
4.0059353784434055,5.138976955273938,4.312658814283539,4.17161866625586,40.0,1
3.7875765622949484,3.458747271986179,3.348240394381848,3.9733002204296457,40.0,1
5.788278139575704,4.643937891683502,4.582260803428454,4.9120370666936335,40.0,1
5.380425425182345,4.020175530987837,2.9965050361068593,5.526403363124968,40.0,1
4.2264230106563625,4.270985072954858,3.4478824839518674,4.527568324097292,40.0,1
4.329555223813462,4.6114454600441706,3.8312511783354624,5.016530020817624,40.0,1
4.991511297554766,4.788479727016616,3.8974440129641006,5.279624807544903,40.0,1
4.732052409870611,4.53872801467885,3.4070097352305146,3.69071106556223,40.0,1
6.012640155717606,5.069976144047369,4.651116574790146,4.503919305581244,40.0,1
7.0933930088688495,5.350043437332168,4.500886705274196,6.034775339809504,40.0,1
5.367951293346586,3.7414018678988095,3.6608993944007935,4.122749499002775,40.0,1
6.261162406553987,4.980424830110671,4.971372708926252,6.2503318744673235,40.0,1
3.8559234278363985,3.2478808641013237,3.3530807582688675,3.943578214614834,40.0,1
4.984693346069205,3.6074462844971387,3.4098256259385855,3.3506616633963784,40.0,1
4.296016884236121,3.270734933258893,2.87632470591966,2.5254130379242943,40.0,1
3.188649793386225,2.667323155655725,2.4211222950533915,3.226803375386921,40.0,1
3.3568109063956677,2.9756363138916786,2.5791339844059,3.042180168997558,40.0,1
4.12504214193643,4.764752414774521,3.770374052778537,3.6626294249575033,40.0,1
4.650968607439498,4.488523290074771,4.381294658773256,4.966827851727255,40.0,1
4.019722202941508,3.4245390541928606,3.4168994531620687,3.676093804784007,40.0,1
3.86761243036452,4.081604472778592,3.728579249542471,4.437544125494045,40.0,1
7.362118621500182,7.112679352938294,5.8421973481873115,6.184616061679539,40.0,1
3.4257026681930394,3.2196781575734614,2.789009560031002,4.136326190151183,40.0,1
3.8707943521780512,3.053946043002088,2.731945826692305,3.1744854067561654,40.0,1
4.197163289900128,3.6724593170691846,2.9337441571201857,3.2860822007639396,40.0,1
3.317512180099742,3.3181021852738715,2.644577134006325,3.324177311877805,40.0,1
2.928337609760672,3.1381323127474725,2.590774096211433,2.9477799643834817,40.0,1
3.8935319408415063,4.234757537405772,2.815792514643852,2.9716908382198755,40.0,1
4.1768603994461895,4.447244969395163,3.6877648586778093,4.401391340490524,40.0,1
3.203583878872025,3.5668784334021755,3.4435710108615583,3.579409733795027,40.0,1
6.002359327224094,5.04586598269292,4.636176973866222,4.893102794322393,40.0,1
5.565328595383226,5.949771554055572,6.250459940935124,6.194166631236736,40.0,1
4.7181312962849224,4.556317973711414,4.319582907835808,5.276584696926815,40.0,1
3.9203392326356417,3.6950308740582622,2.7105784397209383,3.4852916341451867,40.0,1
4.657157684816026,5.117479634097266,4.371602949385601,4.127186334806019,40.0,1
5.332598256804163,4.948691984557013,3.7640585474626747,4.073892755889801,40.0,1
3.757243906661388,3.338906165629178,2.718282637094298,2.8811341261121357,40.0,1
3.7853565397490585,3.6488048625460467,2.4863387790397558,3.0541389113088036,40.0,1
3.2950654559206036,3.8033343348820448,3.2625361861944318,3.4204577953931024,40.0,1
3.594212074896374,4.149630112772589,3.7110338399458613,4.582813992649146,40.0,1
5.2217099569428,3.6254665768324044,3.7121574256187024,4.542669015293823,40.0,1
4.999804676643594,4.731013562748452,4.793487546459915,5.102099326281005,40.0,1
6.068678342458079,5.117389856304584,5.34330341296587,6.496514210506426,40.0,1
5.350925925727563,4.6115247805754915,5.245514422801084,4.25141958150004,40.0,1
3.511966044194448,3.995017931800405,3.2458461948263606,3.943802629178276,40.0,1
4.815985141907233,4.119923996428214,3.311762663476673,3.2734483171508293,40.0,1
3.4265404454551316,3.394845856951445,2.2818157939203,2.2618149250843507,40.0,1
4.511930219025432,3.804717280180425,3.403736870043642,3.124616004602812,40.0,1
3.40092019822939,4.569010554965705,3.901578317528036,3.9400335270881666,40.0,1
3.61330457672411,3.5572135315898157,3.0045632855835187,3.8996289732208558,40.0,1
3.733699420673338,4.379091260876966,3.6855075966652566,3.7604591666779292,40.0,1
5.603062420993159,5.2348643309489615,5.025417413985571,5.3159390052550455,40.0,1
4.518954299903786,4.901328874118317,4.2433037778120655,5.8436520496892745,40.0,1
4.925230289117499,4.447333255079525,4.134777677829206,5.283205332733453,40.0,1
5.681487197768926,4.940298200889632,5.364106628347413,6.134939454809783,40.0,1
2.8465630948779506,3.4838386484536326,2.7056663013855746,2.779164004602463,40.0,1
3.879892764233112,4.306734133512957,4.064177347404678,3.5350178731736546,40.0,1
5.684527366539288,4.327579558471673,3.311316128328307,2.71533552295988,40.0,1
5.310444691890901,3.6793698971479194,3.7706473984827267,4.5095064958924125,40.0,1
2.8566087303944925,2.7785396254864967,2.1929044580428503,3.531847079688577,40.0,1
4.597227343769754,4.742880469621624,4.331304320294186,4.519680101677304,40.0,1
4.832449400941432,4.857064746627061,4.73578730949556,4.171049389540666,40.0,1
4.0797538721417554,3.444649735435957,3.1710406165195053,3.604645114426366,40.0,1
3.6355957130355234,3.7257987169402886,3.517594682690916,3.693344382740649,40.0,1
5.878592019114001,5.999426429384156,6.261884097775932,5.600393045110727,40.0,1
3.5608399871711423,3.1223789302065987,2.794656172851247,3.4126038070131983,40.0,1
3.8743270264287113,3.264275006738942,2.7651014261817353,3.245221605813235,40.0,1
4.816443160553649,4.053291937934535,3.5380256285314404,3.4851582445164797,40.0,1
3.161554418974952,3.0688766784128947,2.41370969904925,2.6591561627583187,40.0,1
2.855024613317001,2.8077383475854365,2.5571773602684003,3.261058472757954,40.0,1
3.3541122487339132,3.611611477836209,3.413224827014663,3.4434700449432665,40.0,1
4.247072127485109,4.369578702196322,4.0158700705095285,4.511438273870257,40.0,1
3.3511420342429004,3.0267688251104237,2.9464460645217505,3.1764556131943533,40.0,1
6.177536198059177,5.247721430331926,4.8119189029136145,4.918223042313619,40.0,1
5.404421538610965,5.043738575275958,4.966691101243607,6.3225496957532465,40.0,1
4.3988849398225565,4.538755221565025,4.182724083876389,5.272714345170389,40.0,1
4.632869597339718,3.1354310614951837,3.8183430537338885,4.15381946007719,40.0,1
4.468139941682251,4.034225473018255,3.5917923620959464,4.029984129674286,40.0,1
3.7752989830884855,3.508150234302836,2.9096972744271596,2.8071758543846324,40.0,1
4.094698537873864,3.027869228846944,3.310494171803929,3.8157954917290526,40.0,1
4.305214090975604,2.9471989055625216,2.9158782474311864,2.871151408965546,40.0,1
4.280929310420147,3.6152768321891324,3.4302862197539032,3.4610464749987746,40.0,1
3.208127335160229,3.78257864033787,2.763359246410136,3.854842918798195,40.0,1
4.962686254087657,4.226220228988785,4.0494237060416705,5.5870325641117615,40.0,1
4.623510149560785,3.8534545374387217,4.342437552287828,4.687993209389235,40.0,1
3.829242636750683,4.219306132008513,4.155896171850591,4.065632520862488,40.0,1
4.649664657948176,4.3187050576189545,4.751926392402208,4.189271371338009,40.0,1
3.931853070067851,4.038628014259265,3.408496521400659,3.9280208596064448,40.0,1
5.0825771813847656,4.06905617100892,3.440337023614685,4.147516103561717,40.0,1
4.403923155718575,3.22842191807849,2.5063382314600346,4.076140754977933,40.0,1
6.136238413552025,4.577259316568101,3.9081511900825348,4.066281698617385,40.0,1
4.044274875899748,3.8859001572242,3.8356736644511193,4.0453037993998855,40.0,1
3.9354499512904195,3.2343206903022454,3.274835908190319,4.336029561704738,40.0,1
4.326484058361896,4.193920789246736,3.6726234323933227,4.509929531494741,40.0,1
4.695945203448402,5.259293423063673,4.533821868342555,4.31115573314646,40.0,1
4.119632847350166,4.6646588941613745,3.6109235328422087,4.068406853223633,40.0,1
5.293247897722998,4.4388630406030885,3.752910662271582,4.780355633447488,40.0,1
5.674983539807741,4.903180880490896,4.958478366151699,5.8151596674254415,40.0,1
3.766377150950051,3.5338410975032977,2.7737924805656213,3.1816511309377455,40.0,1
3.3392523414503175,3.0866868163152064,3.09711287357161,2.667070607963278,40.0,1
5.267143282372777,3.9471309202175275,3.0145710675125503,2.7149375106489857,40.0,1
3.057316842974685,2.4857444529669217,2.454306851992865,3.571438312828449,40.0,1
3.300400301150443,3.381779390390767,2.484713323195174,2.8776232129258887,40.0,1
4.122260280764596,4.32768832746203,3.895162887834301,3.77811526271665,40.0,1
3.9892758447704635,4.192266542135313,4.310925490566773,6.478217657808277,40.0,1
5.421958397478112,4.280131358674022,3.2407774950564434,3.410858568067119,40.0,1
5.414125438670709,4.979140032130976,4.388092103069524,5.18686041640451,40.0,1
6.1185207601312,6.143811255070289,6.486021403468032,5.984519197059422,40.0,1
3.9700471467037,3.9599639408193443,3.177610786372561,3.405126143383466,40.0,1
4.738189097798704,3.8841345167085812,2.846169821554553,3.9202967943673697,40.0,1
4.4700202323832325,4.148025054880321,3.439184361028106,3.7331705748748996,40.0,1
3.9198879758389893,3.722727114487247,3.3570502470194197,3.840523382204312,40.0,1
3.720188112670852,3.778648810076425,3.0025906667753723,3.013465560314773,40.0,1
3.939760115509671,3.799353567686593,3.972258333629556,4.27337917806234,40.0,1
4.486579056326501,4.818676991282936,4.03622008502845,4.815981995666382,40.0,1
3.5470906003552534,3.574499132981249,2.6581714080470515,3.3009573924613176,40.0,1
5.300061069643757,5.329319681737491,4.932439738302014,4.6093698204045985,40.0,1
5.582080775071743,6.5041480617051155,6.357307169812857,6.522084996166737,40.0,1
4.0941803557678185,4.410376001668498,3.774338918267237,4.991868930122635,40.0,1
5.1684638902018705,3.685722390502655,4.118128993286852,5.054552079711657,40.0,1
4.27410279345754,4.5418181931134045,4.2985709045833405,4.202598456455479,40.0,1
3.6830994076366745,3.5094402162446956,2.6398025506448017,3.8097601397727345,40.0,1
3.7960229863276336,3.1812236445064292,2.342320370588512,2.4478432571603186,40.0,1
3.3717299932776585,3.2537911613299197,2.422887486569063,3.1889787026767884,40.0,1
3.7100769835891696,3.6189514714000794,3.380719948403421,3.4215025183766623,40.0,1
3.108365335457441,3.48361005290462,2.7008354463413924,3.2358554235834514,40.0,1
4.892873963962027,4.609915616803666,4.379964124600869,5.59979299028704,40.0,1
4.028601756463614,4.233194688924864,4.323768935223385,5.166313408795156,40.0,1
3.4128278415307403,3.666578319297045,3.508986650550591,3.5646246375230297,40.0,1
5.872879626899729,5.995827866823677,5.661131054412598,6.326555456346664,40.0,1
3.9739562889411033,4.023075965676225,3.4575984660577816,4.730065621152269,40.0,1
4.8076694343334045,4.664841595411408,4.0018033121616305,4.504717137323544,40.0,1
5.6366107027222,5.088735588162371,3.8237132940898038,4.177552523440998,40.0,1
4.900483286099261,4.45540458211501,3.8188863495540826,3.8823345109808187,40.0,1
2.998038355438474,3.178647323538396,2.547911038767609,2.613007908853689,40.0,1
4.0127591460699605,3.470275968848523,2.6285428942561433,3.888239814794911,40.0,1
3.8332770496230224,4.478224798275071,3.8883882540252697,3.6819347379513214,40.0,1
4.816598275754042,4.443336234119183,4.2670528648563755,4.722432566331774,40.0,1
3.941199611201624,4.581533162798284,3.987617313958523,4.291761926009754,40.0,1
6.231968509053749,6.007771956406997,5.498518962785819,7.183785514256816,40.0,1
5.0031042799307315,4.418939250645138,4.230623407289518,4.918266811255062,40.0,1
4.928854620744271,4.240123215573184,3.245117418175712,4.066344369980102,40.0,1
4.880829316969835,4.4137273192804205,3.529816918721547,3.2846222516022014,40.0,1
4.779959534737975,4.471237744347858,2.822944663832363,2.5092754314694763,40.0,1
4.315476206411719,3.404443615024602,3.152712638913471,4.156964543833873,40.0,1
3.837171765916303,3.3061951278419284,2.57158538085803,4.062786779925191,40.0,1
4.459516815694593,4.614251936763256,4.086763583212415,4.827622742110803,40.0,1
3.8288089395029123,3.605545445569046,4.058065199611817,4.313139370635639,40.0,1
4.003081774657819,3.1001444341253306,2.8026412987082554,3.523115622178488,40.0,1
4.798582639276339,4.708386839051031,3.91879578041147,4.7344993121196595,40.0,1
4.854243537518777,5.118720793184695,5.435662120514711,5.54560931940256,40.0,1
4.164669534340116,4.288543264011507,3.599635482198124,4.006921815560188,40.0,1
4.217560757287567,3.657192433479319,3.5985349342794346,3.924285985958092,40.0,1
5.491711415054714,4.912233898212327,4.390798012497691,4.485384317127734,40.0,1
3.9747104622333715,4.438363291561416,2.884279498500889,3.822067571115078,40.0,1
4.208307308087413,3.2221211721156067,2.889905320490431,2.411593957536702,40.0,1
4.6293732914102135,4.961948657816766,4.291560082577711,4.4565139169461,40.0,1
4.3369256252555,4.2892165792343295,3.990954418149942,4.805369140532235,40.0,1
4.4874939620828185,4.437997333553778,3.1968472096916614,3.9932879973751505,40.0,1
4.6382454361339045,4.66784863674839,4.601413416835477,4.628255682603934,40.0,1
6.352906981006084,5.963267519082651,5.516488348166151,6.411630027647685,40.0,1
4.895612524032761,4.384848351650268,4.361491096609029,5.58243527431117,40.0,1
5.686461741100038,5.426330809078747,5.0554577277198165,6.428235721275804,40.0,1
4.7232179088063,3.8018923587622444,3.7574552056161012,5.1734338738627175,40.0,1
4.519272555984775,4.8105564977465525,3.2904291430156545,4.290657733975958,40.0,1
4.414257979653332,2.860490414059788,2.660056743139334,2.478166464064261,40.0,1
3.447063923453822,3.0387265615534416,2.751955640550542,3.481997617002411,40.0,1
3.910658905211291,3.683097256588291,2.938246338416334,3.135924341296099,40.0,1
3.896300242811802,4.884791089223189,3.5018257104523998,3.9551774887476516,40.0,1
6.120821934437118,5.89021656852163,5.163716873723951,6.847027400539112,40.0,1
4.260856332719685,3.458115504132172,4.029842206919183,4.848479235280712,40.0,1
4.783036461672932,4.4080662010574905,4.48064384280223,4.74572740819945,40.0,1
6.997080121785178,5.936570355551732,6.680278446532019,5.961592326795197,40.0,1
4.279104671447996,4.55049960763206,4.101196907341173,4.633482964239357,40.0,1
4.232975451300399,3.6080512895075105,3.677313676368445,3.941179915895872,40.0,1
6.116822453057178,4.729812330076244,3.5274055972493734,5.224842827692354,40.0,1
5.759044546548023,4.949279469048178,4.029180691797822,4.923234930964648,40.0,1
4.404472904744318,4.782220076500743,3.2274297339858444,3.880988496463146,40.0,1
4.432715625075509,3.5222666421278523,3.2641273482651956,4.57801183378064,40.0,1
4.977272808054121,5.211588591047888,4.640998042659139,5.107940186998882,40.0,1
3.7502176920531136,3.727501859334724,2.9251262622633316,3.834416142010406,40.0,1
5.95952793488157,4.821339802724141,3.998001404439128,5.833580500839853,40.0,1
5.568812961046036,4.956241546348155,4.517337448187611,5.890560014149883,40.0,1
6.055546814240837,5.407912785522384,5.564589640604988,6.530028395811705,40.0,1
